﻿<?xml version="1.0"?>
<doc>
<assembly>
<name>
incentory_system
</name>
</assembly>
<members>
<member name="T:incentory_system.My.Resources.Resources">
<summary>
  A strongly-typed resource class, for looking up localized strings, etc.
</summary>
</member>
<member name="P:incentory_system.My.Resources.Resources.ResourceManager">
<summary>
  Returns the cached ResourceManager instance used by this class.
</summary>
</member>
<member name="P:incentory_system.My.Resources.Resources.Culture">
<summary>
  Overrides the current thread's CurrentUICulture property for all
  resource lookups using this strongly typed resource class.
</summary>
</member>
<member name="T:incentory_system.inventoryDataSet">
<summary>
Represents a strongly typed in-memory cache of data.
</summary>
</member>
<member name="T:incentory_system.inventoryDataSet.stockDataTable">
<summary>
Represents the strongly named DataTable class.
</summary>
</member>
<member name="T:incentory_system.inventoryDataSet.stockRow">
<summary>
Represents strongly named DataRow class.
</summary>
</member>
<member name="T:incentory_system.inventoryDataSet.stockRowChangeEvent">
<summary>
Row event argument class
</summary>
</member>
<member name="T:incentory_system.inventoryDataSetTableAdapters.stockTableAdapter">
<summary>
Represents the connection and commands used to retrieve and save data.
</summary>
</member>
<member name="T:incentory_system.inventoryDataSetTableAdapters.TableAdapterManager">
<summary>
TableAdapterManager is used to coordinate TableAdapters in the dataset to enable Hierarchical Update scenarios
</summary>
</member>
<member name="M:incentory_system.inventoryDataSetTableAdapters.TableAdapterManager.UpdateUpdatedRows(incentory_system.inventoryDataSet,System.Collections.Generic.List{System.Data.DataRow},System.Collections.Generic.List{System.Data.DataRow})">
<summary>
Update rows in top-down order.
</summary>
</member>
<member name="M:incentory_system.inventoryDataSetTableAdapters.TableAdapterManager.UpdateInsertedRows(incentory_system.inventoryDataSet,System.Collections.Generic.List{System.Data.DataRow})">
<summary>
Insert rows in top-down order.
</summary>
</member>
<member name="M:incentory_system.inventoryDataSetTableAdapters.TableAdapterManager.UpdateDeletedRows(incentory_system.inventoryDataSet,System.Collections.Generic.List{System.Data.DataRow})">
<summary>
Delete rows in bottom-up order.
</summary>
</member>
<member name="M:incentory_system.inventoryDataSetTableAdapters.TableAdapterManager.GetRealUpdatedRows(System.Data.DataRow[],System.Collections.Generic.List{System.Data.DataRow})">
<summary>
Remove inserted rows that become updated rows after calling TableAdapter.Update(inserted rows) first
</summary>
</member>
<member name="M:incentory_system.inventoryDataSetTableAdapters.TableAdapterManager.UpdateAll(incentory_system.inventoryDataSet)">
<summary>
Update all changes to the dataset.
</summary>
</member>
<member name="T:incentory_system.inventoryDataSetTableAdapters.TableAdapterManager.UpdateOrderOption">
<summary>
Update Order Option
</summary>
</member>
<member name="T:incentory_system.inventoryDataSetTableAdapters.TableAdapterManager.SelfReferenceComparer">
<summary>
Used to sort self-referenced table's rows
</summary>
</member>
<member name="T:incentory_system.inventoryDataSet4">
<summary>
Represents a strongly typed in-memory cache of data.
</summary>
</member>
<member name="T:incentory_system.inventoryDataSet4.tblColorDataTable">
<summary>
Represents the strongly named DataTable class.
</summary>
</member>
<member name="T:incentory_system.inventoryDataSet4.tblColorRow">
<summary>
Represents strongly named DataRow class.
</summary>
</member>
<member name="T:incentory_system.inventoryDataSet4.tblColorRowChangeEvent">
<summary>
Row event argument class
</summary>
</member>
<member name="T:incentory_system.inventoryDataSet4TableAdapters.tblColorTableAdapter">
<summary>
Represents the connection and commands used to retrieve and save data.
</summary>
</member>
<member name="T:incentory_system.inventoryDataSet4TableAdapters.TableAdapterManager">
<summary>
TableAdapterManager is used to coordinate TableAdapters in the dataset to enable Hierarchical Update scenarios
</summary>
</member>
<member name="M:incentory_system.inventoryDataSet4TableAdapters.TableAdapterManager.UpdateUpdatedRows(incentory_system.inventoryDataSet4,System.Collections.Generic.List{System.Data.DataRow},System.Collections.Generic.List{System.Data.DataRow})">
<summary>
Update rows in top-down order.
</summary>
</member>
<member name="M:incentory_system.inventoryDataSet4TableAdapters.TableAdapterManager.UpdateInsertedRows(incentory_system.inventoryDataSet4,System.Collections.Generic.List{System.Data.DataRow})">
<summary>
Insert rows in top-down order.
</summary>
</member>
<member name="M:incentory_system.inventoryDataSet4TableAdapters.TableAdapterManager.UpdateDeletedRows(incentory_system.inventoryDataSet4,System.Collections.Generic.List{System.Data.DataRow})">
<summary>
Delete rows in bottom-up order.
</summary>
</member>
<member name="M:incentory_system.inventoryDataSet4TableAdapters.TableAdapterManager.GetRealUpdatedRows(System.Data.DataRow[],System.Collections.Generic.List{System.Data.DataRow})">
<summary>
Remove inserted rows that become updated rows after calling TableAdapter.Update(inserted rows) first
</summary>
</member>
<member name="M:incentory_system.inventoryDataSet4TableAdapters.TableAdapterManager.UpdateAll(incentory_system.inventoryDataSet4)">
<summary>
Update all changes to the dataset.
</summary>
</member>
<member name="T:incentory_system.inventoryDataSet4TableAdapters.TableAdapterManager.UpdateOrderOption">
<summary>
Update Order Option
</summary>
</member>
<member name="T:incentory_system.inventoryDataSet4TableAdapters.TableAdapterManager.SelfReferenceComparer">
<summary>
Used to sort self-referenced table's rows
</summary>
</member>
</members>
</doc>
